config,radius_mm,A_per_face,B_per_face,mass_washer_count,retention_kits,carrier_weights_kits_mass_g,max_grip_mm,J_estimate_kg_m2,locked_motor_load_mode_hz
BARE,0,0,0,0,0,142.0898475452478,12,0.0007049929901880421,5.994151732806155
R40-S00,40,0,0,0,8,222.0898475452478,12,0.0008329929901880421,5.51441514525407
R40-S01,40,1,0,8,8,272.5571961802336,16,0.0009177769163930155,5.253534232518161
R40-S02,40,1,1,16,8,323.0245448152193,16,0.001002560842597989,5.026489301631374
R40-S03,40,2,1,24,8,373.49189345020505,20,0.0010873447688029623,4.826546525485291
R40-S04,40,2,2,32,8,423.9592420851908,20,0.001172128695007936,4.648710300996356
R40-S05,40,3,2,40,8,474.4265907201766,24,0.0012569126212129092,4.489185877906412
R40-S06,40,3,3,48,8,524.8939393551624,24,0.0013416965474178826,4.345032012789542
R40-S07,40,4,3,56,8,575.3612879901481,28,0.0014264804736228561,4.213929020263651
R40-S08,40,4,4,64,8,625.8286366251338,28,0.0015112643998278295,4.094019488226837
R52-S00,52,0,0,0,8,222.0898475452478,12,0.0009213129901880421,5.243442795561053
R52-S01,52,1,0,8,8,272.5571961802336,16,0.0010618128692860397,4.884230364953772
R52-S02,52,1,1,16,8,323.0245448152193,16,0.0012023127483840376,4.589986472706343
R52-S03,52,2,1,24,8,373.49189345020505,20,0.0013428126274820352,4.343225948572557
R52-S04,52,2,2,32,8,423.9592420851908,20,0.0014833125065800328,4.132413792473148
R52-S05,52,3,2,40,8,474.4265907201766,24,0.0016238123856780306,3.9495917477793583
R52-S06,52,3,3,48,8,524.8939393551624,24,0.0017643122647760282,3.7890680497707176
R52-S07,52,4,3,56,8,575.3612879901481,28,0.001904812143874026,3.646649778874735
R52-S08,52,4,4,64,8,625.8286366251338,28,0.0020453120229720237,3.51917080436707
R80-S00,80,0,0,0,8,222.0898475452478,12,0.0012169929901880423,4.562218626227003
R80-S01,80,1,0,8,8,272.5571961802336,16,0.0015440201898409473,4.050360174591971
R80-S02,80,1,1,16,8,323.0245448152193,16,0.0018710473894938523,3.6794062180853877
R80-S03,80,2,1,24,8,373.49189345020505,20,0.0021980745891467574,3.3946806027799092
R80-S04,80,2,2,32,8,423.9592420851908,20,0.0025251017887996624,3.167237908812919
R80-S05,80,3,2,40,8,474.4265907201766,24,0.0028521289884525674,2.9801323391238803
R80-S06,80,3,3,48,8,524.8939393551624,24,0.0031791561881054724,2.8226965941855706
R80-S07,80,4,3,56,8,575.3612879901481,28,0.0035061833877583774,2.687836317714522
R80-S08,80,4,4,64,8,625.8286366251338,28,0.0038332105874112825,2.570625386423113
