run_id,repeat_block,config,A_per_face,B_per_face,radius_mm,J_estimate_kg_m2,J_identified_kg_m2,controller_mode,excitation_id,temperature_C,data_filename,notes
as_modeled-001,1,R25-S05,3,2,25,0.0001518022560671383,,,,,,
as_modeled-002,1,R25-S13,7,6,25,0.0002725805115487355,,,,,,
as_modeled-003,1,R25-S12,6,6,25,0.0002574832296135359,,,,,,
as_modeled-004,1,R25-S10,5,5,25,0.00022728866574313659,,,,,,
as_modeled-005,1,R25-S03,2,1,25,0.000121607692196739,,,,,,
as_modeled-006,1,R25-S19,10,9,25,0.00036316420315993345,,,,,,
as_modeled-007,1,R25-S00,0,0,25,7.631584639114005e-05,,,,,,
as_modeled-008,1,R25-S21,11,10,25,0.00039335876703033276,,,,,,
as_modeled-009,1,R25-S18,9,9,25,0.00034806692122473377,,,,,,
as_modeled-010,1,R25-S01,1,0,25,9.141312832633971e-05,,,,,,
as_modeled-011,1,R25-S22,11,11,25,0.0004084560489655324,,,,,,
as_modeled-012,1,R25-S14,7,7,25,0.0002876777934839352,,,,,,
as_modeled-013,1,R25-S23,12,11,25,0.00042355333090073207,,,,,,
as_modeled-014,1,R25-S02,1,1,25,0.00010651041026153936,,,,,,
as_modeled-015,1,R25-S15,8,7,25,0.00030277507541913483,,,,,,
as_modeled-016,1,BARE,0,0,0,2.631584639114005e-05,,,,,,
as_modeled-017,1,R25-S20,10,10,25,0.0003782614850951331,,,,,,
as_modeled-018,1,R25-S07,4,3,25,0.00018199681993753762,,,,,,
as_modeled-019,1,R25-S16,8,8,25,0.0003178723573543345,,,,,,
as_modeled-020,1,R25-S08,4,4,25,0.00019709410187273728,,,,,,
as_modeled-021,1,R25-S17,9,8,25,0.00033296963928953414,,,,,,
as_modeled-022,1,R25-S24,12,12,25,0.0004386506128359317,,,,,,
as_modeled-023,1,R25-S04,2,2,25,0.00013670497413193866,,,,,,
as_modeled-024,1,R25-S06,3,3,25,0.00016689953800233797,,,,,,
as_modeled-025,1,R25-S09,5,4,25,0.0002121913838079369,,,,,,
as_modeled-026,1,R25-S11,6,5,25,0.00024238594767833621,,,,,,
as_modeled-027,2,R25-S11,6,5,25,0.00024238594767833621,,,,,,
as_modeled-028,2,R25-S07,4,3,25,0.00018199681993753762,,,,,,
as_modeled-029,2,R25-S06,3,3,25,0.00016689953800233797,,,,,,
as_modeled-030,2,R25-S13,7,6,25,0.0002725805115487355,,,,,,
as_modeled-031,2,R25-S21,11,10,25,0.00039335876703033276,,,,,,
as_modeled-032,2,R25-S09,5,4,25,0.0002121913838079369,,,,,,
as_modeled-033,2,R25-S23,12,11,25,0.00042355333090073207,,,,,,
as_modeled-034,2,R25-S18,9,9,25,0.00034806692122473377,,,,,,
as_modeled-035,2,R25-S04,2,2,25,0.00013670497413193866,,,,,,
as_modeled-036,2,R25-S17,9,8,25,0.00033296963928953414,,,,,,
as_modeled-037,2,R25-S15,8,7,25,0.00030277507541913483,,,,,,
as_modeled-038,2,R25-S24,12,12,25,0.0004386506128359317,,,,,,
as_modeled-039,2,R25-S19,10,9,25,0.00036316420315993345,,,,,,
as_modeled-040,2,R25-S20,10,10,25,0.0003782614850951331,,,,,,
as_modeled-041,2,R25-S00,0,0,25,7.631584639114005e-05,,,,,,
as_modeled-042,2,R25-S02,1,1,25,0.00010651041026153936,,,,,,
as_modeled-043,2,BARE,0,0,0,2.631584639114005e-05,,,,,,
as_modeled-044,2,R25-S16,8,8,25,0.0003178723573543345,,,,,,
as_modeled-045,2,R25-S03,2,1,25,0.000121607692196739,,,,,,
as_modeled-046,2,R25-S14,7,7,25,0.0002876777934839352,,,,,,
as_modeled-047,2,R25-S10,5,5,25,0.00022728866574313659,,,,,,
as_modeled-048,2,R25-S01,1,0,25,9.141312832633971e-05,,,,,,
as_modeled-049,2,R25-S05,3,2,25,0.0001518022560671383,,,,,,
as_modeled-050,2,R25-S22,11,11,25,0.0004084560489655324,,,,,,
as_modeled-051,2,R25-S08,4,4,25,0.00019709410187273728,,,,,,
as_modeled-052,2,R25-S12,6,6,25,0.0002574832296135359,,,,,,
as_modeled-053,3,R25-S15,8,7,25,0.00030277507541913483,,,,,,
as_modeled-054,3,R25-S07,4,3,25,0.00018199681993753762,,,,,,
as_modeled-055,3,R25-S10,5,5,25,0.00022728866574313659,,,,,,
as_modeled-056,3,R25-S21,11,10,25,0.00039335876703033276,,,,,,
as_modeled-057,3,R25-S04,2,2,25,0.00013670497413193866,,,,,,
as_modeled-058,3,R25-S13,7,6,25,0.0002725805115487355,,,,,,
as_modeled-059,3,R25-S09,5,4,25,0.0002121913838079369,,,,,,
as_modeled-060,3,R25-S22,11,11,25,0.0004084560489655324,,,,,,
as_modeled-061,3,R25-S24,12,12,25,0.0004386506128359317,,,,,,
as_modeled-062,3,R25-S05,3,2,25,0.0001518022560671383,,,,,,
as_modeled-063,3,R25-S16,8,8,25,0.0003178723573543345,,,,,,
as_modeled-064,3,R25-S18,9,9,25,0.00034806692122473377,,,,,,
as_modeled-065,3,R25-S19,10,9,25,0.00036316420315993345,,,,,,
as_modeled-066,3,R25-S00,0,0,25,7.631584639114005e-05,,,,,,
as_modeled-067,3,R25-S17,9,8,25,0.00033296963928953414,,,,,,
as_modeled-068,3,R25-S06,3,3,25,0.00016689953800233797,,,,,,
as_modeled-069,3,R25-S23,12,11,25,0.00042355333090073207,,,,,,
as_modeled-070,3,R25-S14,7,7,25,0.0002876777934839352,,,,,,
as_modeled-071,3,BARE,0,0,0,2.631584639114005e-05,,,,,,
as_modeled-072,3,R25-S12,6,6,25,0.0002574832296135359,,,,,,
as_modeled-073,3,R25-S01,1,0,25,9.141312832633971e-05,,,,,,
as_modeled-074,3,R25-S20,10,10,25,0.0003782614850951331,,,,,,
as_modeled-075,3,R25-S02,1,1,25,0.00010651041026153936,,,,,,
as_modeled-076,3,R25-S03,2,1,25,0.000121607692196739,,,,,,
as_modeled-077,3,R25-S11,6,5,25,0.00024238594767833621,,,,,,
as_modeled-078,3,R25-S08,4,4,25,0.00019709410187273728,,,,,,
